INSERT INTO `TRAIN_STOP` (`UUID`, `TRAIN_UUID`, `SEQ`, `NAME`, `TIME`, `DELETE_FLAG`, `CREATED_DATE`, `CREATED_BY`, `LAST_UPDATED_DATE`, `LAST_UPDATED_BY`) VALUES
('2b745b40-012c-487a-a368-91f57298e3b8', '5e3b8013-4463-485f-9bf9-9a80ac8b697a', 1, '潮州', '14:40:00', 'N', '2024-09-13 03:24:03', 'SYSTEM', '2024-09-13 03:24:03', 'SYSTEM');
INSERT INTO `TRAIN_STOP` (`UUID`, `TRAIN_UUID`, `SEQ`, `NAME`, `TIME`, `DELETE_FLAG`, `CREATED_DATE`, `CREATED_BY`, `LAST_UPDATED_DATE`, `LAST_UPDATED_BY`) VALUES
('2cb03672-73d4-417a-b624-933e10be47af', 'c1805685-853b-4b7a-9b9e-7396978fb163', 1, '屏東', '17:04:00', 'N', '2024-09-13 03:24:03', 'SYSTEM', '2024-09-13 03:24:03', 'SYSTEM');
INSERT INTO `TRAIN_STOP` (`UUID`, `TRAIN_UUID`, `SEQ`, `NAME`, `TIME`, `DELETE_FLAG`, `CREATED_DATE`, `CREATED_BY`, `LAST_UPDATED_DATE`, `LAST_UPDATED_BY`) VALUES
('3183cfb3-74cf-4dfb-a538-b0122f5f19e2', '5e3b8013-4463-485f-9bf9-9a80ac8b697a', 5, '歸來', '14:56:00', 'N', '2024-09-13 03:24:03', 'SYSTEM', '2024-09-13 03:24:03', 'SYSTEM');
INSERT INTO `TRAIN_STOP` (`UUID`, `TRAIN_UUID`, `SEQ`, `NAME`, `TIME`, `DELETE_FLAG`, `CREATED_DATE`, `CREATED_BY`, `LAST_UPDATED_DATE`, `LAST_UPDATED_BY`) VALUES
('37e4eb76-bb20-40cb-a63b-d3d41134a2ad', '5e3b8013-4463-485f-9bf9-9a80ac8b697a', 6, '屏東', '15:00:00', 'N', '2024-09-13 03:24:03', 'SYSTEM', '2024-09-13 03:24:03', 'SYSTEM'),
('3a670868-98ad-4010-9951-11b8ddb2ccce', 'c1805685-853b-4b7a-9b9e-7396978fb163', 2, '歸來', '17:08:00', 'N', '2024-09-13 03:24:03', 'SYSTEM', '2024-09-13 03:24:03', 'SYSTEM'),
('43c16d80-b980-4f2b-9706-4e351017578d', 'b302f86f-1c40-4e16-900f-d630e082400b', 3, '潮州', '11:09:00', 'N', '2024-09-13 03:24:03', 'SYSTEM', '2024-09-13 03:24:03', 'SYSTEM'),
('6e374c42-233d-42e5-8a5a-ca1f3bf94e89', '6fb1e5c5-c640-4a18-9335-b93f2a92c5fe', 2, '西勢', '15:09:00', 'N', '2024-09-13 03:24:03', 'SYSTEM', '2024-09-13 03:24:03', 'SYSTEM'),
('6f012884-724d-407e-8f42-2214152ddbb5', 'c1805685-853b-4b7a-9b9e-7396978fb163', 6, '潮州', '17:24:00', 'N', '2024-09-13 03:24:03', 'SYSTEM', '2024-09-13 03:24:03', 'SYSTEM'),
('809a08fd-0ed3-4cde-b1c7-662e233fed64', 'c1805685-853b-4b7a-9b9e-7396978fb163', 3, '麟洛', '17:11:00', 'N', '2024-09-13 03:24:03', 'SYSTEM', '2024-09-13 03:24:03', 'SYSTEM'),
('82f58f45-7f5f-431f-9433-37d47a123373', 'b302f86f-1c40-4e16-900f-d630e082400b', 1, '屏東', '10:52:00', 'N', '2024-09-13 03:24:03', 'SYSTEM', '2024-09-13 03:24:03', 'SYSTEM'),
('8600630a-57e0-4233-ab7e-30b49f62a64e', 'c1805685-853b-4b7a-9b9e-7396978fb163', 5, '竹田', '17:18:00', 'N', '2024-09-13 03:24:03', 'SYSTEM', '2024-09-13 03:24:03', 'SYSTEM'),
('9f19ea5d-59fb-491a-acb8-39d74c6c72ad', '5e3b8013-4463-485f-9bf9-9a80ac8b697a', 3, '西勢', '14:50:00', 'N', '2024-09-13 03:24:03', 'SYSTEM', '2024-09-13 03:24:03', 'SYSTEM'),
('a41e76b5-b650-404c-9a30-bb6b5f754d07', 'c1805685-853b-4b7a-9b9e-7396978fb163', 4, '西勢', '17:14:00', 'N', '2024-09-13 03:24:03', 'SYSTEM', '2024-09-13 03:24:03', 'SYSTEM'),
('af8ffcff-c760-4434-a609-529615fd956f', '5e3b8013-4463-485f-9bf9-9a80ac8b697a', 2, '竹田', '14:46:00', 'N', '2024-09-13 03:24:03', 'SYSTEM', '2024-09-13 03:24:03', 'SYSTEM'),
('c048f470-74aa-476e-a4bd-c7ae97866cb0', '5e3b8013-4463-485f-9bf9-9a80ac8b697a', 4, '麟洛', '14:53:00', 'N', '2024-09-13 03:24:03', 'SYSTEM', '2024-09-13 03:24:03', 'SYSTEM'),
('cb8f950c-8a6b-438e-948c-44d85cd57d63', 'b302f86f-1c40-4e16-900f-d630e082400b', 2, '西勢', '11:01:00', 'N', '2024-09-13 03:24:03', 'SYSTEM', '2024-09-13 03:24:03', 'SYSTEM'),
('cf26a4fc-b1cd-4103-9f21-fce027558a0c', '6fb1e5c5-c640-4a18-9335-b93f2a92c5fe', 3, '屏東', '15:16:00', 'N', '2024-09-13 03:24:03', 'SYSTEM', '2024-09-13 03:24:03', 'SYSTEM'),
('e3b8c6be-f535-4c40-bfec-07d803b6c3ed', '6fb1e5c5-c640-4a18-9335-b93f2a92c5fe', 1, '潮州', '15:00:00', 'N', '2024-09-13 03:24:03', 'SYSTEM', '2024-09-13 03:24:03', 'SYSTEM');

INSERT INTO `TRAIN_TICKET` (`ID`, `TICKET_NO`, `TRAIN_UUID`, `FROM_STOP`, `TO_STOP`, `PRICE`, `CREATED_DATE`, `CREATED_BY`, `LAST_UPDATED_DATE`, `LAST_UPDATED_BY`) VALUES
(1, 'd4626ac8-d6da-4a92-be95-0ca4a6b94061', '5e3b8013-4463-485f-9bf9-9a80ac8b697a', '潮州', '屏東', 22.00, '2024-09-13 17:55:47', NULL, '2024-09-13 17:55:47', NULL);
INSERT INTO `TRAIN_TICKET` (`ID`, `TICKET_NO`, `TRAIN_UUID`, `FROM_STOP`, `TO_STOP`, `PRICE`, `CREATED_DATE`, `CREATED_BY`, `LAST_UPDATED_DATE`, `LAST_UPDATED_BY`) VALUES
(2, 'd608c331-2e53-4678-888b-cdbbcba75e98', '5e3b8013-4463-485f-9bf9-9a80ac8b697a', '潮州', '歸來', 18.00, '2024-09-13 17:56:30', NULL, '2024-09-13 17:56:30', NULL);
INSERT INTO `TRAIN_TICKET` (`ID`, `TICKET_NO`, `TRAIN_UUID`, `FROM_STOP`, `TO_STOP`, `PRICE`, `CREATED_DATE`, `CREATED_BY`, `LAST_UPDATED_DATE`, `LAST_UPDATED_BY`) VALUES
(3, 'dba3f955-0fdf-4dcd-a0fd-6b700b64341f', '5e3b8013-4463-485f-9bf9-9a80ac8b697a', '潮州', '西勢', 15.00, '2024-09-13 17:57:14', NULL, '2024-09-13 17:57:14', NULL);
INSERT INTO `TRAIN_TICKET` (`ID`, `TICKET_NO`, `TRAIN_UUID`, `FROM_STOP`, `TO_STOP`, `PRICE`, `CREATED_DATE`, `CREATED_BY`, `LAST_UPDATED_DATE`, `LAST_UPDATED_BY`) VALUES
(4, 'ff8bfaaa-0776-4548-951a-dca903477c13', '5e3b8013-4463-485f-9bf9-9a80ac8b697a', '潮州', '竹田', 15.00, '2024-09-13 17:57:40', NULL, '2024-09-13 17:57:40', NULL),
(5, '50c02b75-41eb-4bb0-9673-5d7de17f4cad', '6fb1e5c5-c640-4a18-9335-b93f2a92c5fe', '潮州', '屏東', 22.00, '2024-09-13 17:58:59', NULL, '2024-09-13 17:58:59', NULL),
(6, 'fde0fec1-9b0a-408b-a940-f93315c08a07', '6fb1e5c5-c640-4a18-9335-b93f2a92c5fe', '潮州', '西勢', 15.00, '2024-09-13 17:59:29', NULL, '2024-09-13 18:01:09', NULL),
(7, '15b595b2-03dc-4ac1-86b1-e91ac8d29e6d', 'c1805685-853b-4b7a-9b9e-7396978fb163', '屏東', '潮州', 22.00, '2024-09-13 18:02:21', NULL, '2024-09-13 18:02:21', NULL),
(8, '6d9a77dd-2fa7-4d77-ad28-037195f94348', 'c1805685-853b-4b7a-9b9e-7396978fb163', '屏東', '竹田', 16.00, '2024-09-13 18:03:05', NULL, '2024-09-13 18:03:05', NULL),
(9, 'b1dca796-dc42-406b-a20f-8d96b9996a7c', 'c1805685-853b-4b7a-9b9e-7396978fb163', '屏東', '西勢', 15.00, '2024-09-13 18:03:35', NULL, '2024-09-13 18:03:35', NULL),
(10, '37beff5d-4436-4882-8c41-26c2831c8aec', '5e3b8013-4463-485f-9bf9-9a80ac8b697a', '潮州', '麟洛', 15.00, '2024-09-13 18:04:33', NULL, '2024-09-13 18:04:33', NULL),
(11, '9530b854-c732-4c74-ae52-4dd99284e52b', 'c1805685-853b-4b7a-9b9e-7396978fb163', '屏東', '麟洛', 15.00, '2024-09-13 18:05:25', NULL, '2024-09-13 18:05:25', NULL),
(12, 'af04835d-a997-4f71-a324-2c9c0286e2db', 'c1805685-853b-4b7a-9b9e-7396978fb163', '屏東', '歸來', 15.00, '2024-09-13 18:05:53', NULL, '2024-09-13 18:05:53', NULL),
(13, '72cc5d73-bc7c-4e3a-9297-20a28bc68df1', 'b302f86f-1c40-4e16-900f-d630e082400b', '屏東', '西勢', 15.00, '2024-09-13 18:06:49', NULL, '2024-09-13 18:06:49', NULL),
(14, 'd54a4d45-3716-4b21-a458-c9f2d4bede3e', 'b302f86f-1c40-4e16-900f-d630e082400b', '屏東', '潮州', 22.00, '2024-09-13 18:07:01', NULL, '2024-09-13 18:07:16', NULL),
(15, '7e0fbaf8-59bb-4a5a-a327-d007b1adeb2a', '5e3b8013-4463-485f-9bf9-9a80ac8b697a', '竹田', '屏東', 16.00, '2024-09-13 18:10:13', NULL, '2024-09-13 18:10:13', NULL),
(16, 'ff9e5a13-26a4-4921-8736-491196608e48', '5e3b8013-4463-485f-9bf9-9a80ac8b697a', '西勢', '屏東', 15.00, '2024-09-13 18:10:42', NULL, '2024-09-13 18:10:42', NULL),
(17, '4bc1c2c2-bcd1-4cbf-b96e-38a959dbfe94', '5e3b8013-4463-485f-9bf9-9a80ac8b697a', '麟洛', '屏東', 15.00, '2024-09-13 18:11:03', NULL, '2024-09-13 18:11:03', NULL),
(18, '4b680a3b-c2ed-46ac-b9e7-54d3556946f0', '5e3b8013-4463-485f-9bf9-9a80ac8b697a', '歸來', '屏東', 15.00, '2024-09-13 18:11:20', NULL, '2024-09-13 18:11:20', NULL),
(19, '15370c57-423d-44d2-9db7-2ef39a0d6ba7', '5e3b8013-4463-485f-9bf9-9a80ac8b697a', '竹田', '歸來', 15.00, '2024-09-13 18:14:31', NULL, '2024-09-13 18:14:31', NULL),
(20, 'e124afcf-e79c-4d3c-a7af-9e5e02d9488b', '5e3b8013-4463-485f-9bf9-9a80ac8b697a', '西勢', '歸來', 15.00, '2024-09-13 18:14:49', NULL, '2024-09-13 18:14:49', NULL),
(21, '2a35c77c-0941-4927-a855-6078285bd67c', '5e3b8013-4463-485f-9bf9-9a80ac8b697a', '麟洛', '歸來', 15.00, '2024-09-13 18:14:58', NULL, '2024-09-13 18:14:58', NULL),
(22, 'cca92b9a-d3ce-4fc8-9098-a902cb53e8d9', '5e3b8013-4463-485f-9bf9-9a80ac8b697a', '竹田', '麟洛', 15.00, '2024-09-13 18:15:48', NULL, '2024-09-13 18:15:48', NULL),
(23, '883c497d-1ac3-405d-8c26-58462e83eacb', '5e3b8013-4463-485f-9bf9-9a80ac8b697a', '西勢', '麟洛', 15.00, '2024-09-13 18:15:56', NULL, '2024-09-13 18:15:56', NULL),
(24, '0f6d1081-3893-40d8-ab5b-bb2b26bdd245', '5e3b8013-4463-485f-9bf9-9a80ac8b697a', '竹田', '西勢', 15.00, '2024-09-13 18:16:19', NULL, '2024-09-13 18:16:19', NULL),
(25, '147e88a9-e9a6-49c5-a894-55e0025dcb30', 'c1805685-853b-4b7a-9b9e-7396978fb163', '歸來', '潮州', 18.00, '2024-09-13 21:49:07', NULL, '2024-09-13 21:49:07', NULL),
(26, '44c7fcaa-1af3-43f4-8c79-16a1ecbd88ab', 'c1805685-853b-4b7a-9b9e-7396978fb163', '歸來', '竹田', 15.00, '2024-09-13 21:50:04', NULL, '2024-09-13 21:50:04', NULL),
(27, '6b8c601d-0c5f-4fab-af16-56508aab43f6', 'c1805685-853b-4b7a-9b9e-7396978fb163', '歸來', '西勢', 15.00, '2024-09-13 21:50:21', NULL, '2024-09-13 21:50:21', NULL),
(28, '7b507daf-b613-4aef-9627-f51a4f8470b7', 'c1805685-853b-4b7a-9b9e-7396978fb163', '歸來', '麟洛', 15.00, '2024-09-13 21:50:38', NULL, '2024-09-13 21:50:38', NULL),
(29, '4a0949d6-628d-49d7-bf79-ae886c21a405', 'c1805685-853b-4b7a-9b9e-7396978fb163', '麟洛', '潮州', 15.00, '2024-09-13 21:51:29', NULL, '2024-09-13 21:51:29', NULL),
(30, '77e190db-8266-4d0b-967a-5083f879b5da', 'c1805685-853b-4b7a-9b9e-7396978fb163', '麟洛', '竹田', 15.00, '2024-09-13 21:51:40', NULL, '2024-09-13 21:51:40', NULL),
(31, 'c30b1eae-3c3c-4aaa-96db-03ea8ab00529', 'c1805685-853b-4b7a-9b9e-7396978fb163', '麟洛', '西勢', 15.00, '2024-09-13 21:51:47', NULL, '2024-09-13 21:51:47', NULL),
(32, '6c053711-402d-4804-9c10-e9364006bb10', 'c1805685-853b-4b7a-9b9e-7396978fb163', '西勢', '潮州', 15.00, '2024-09-13 21:53:30', NULL, '2024-09-13 21:53:30', NULL),
(33, '5af91da5-795d-4e64-af11-d467959ce0c3', 'c1805685-853b-4b7a-9b9e-7396978fb163', '西勢', '竹田', 15.00, '2024-09-13 21:53:38', NULL, '2024-09-13 21:53:38', NULL),
(34, '0b9d253c-53ea-4e9d-8cb4-d235d2ad1101', 'c1805685-853b-4b7a-9b9e-7396978fb163', '竹田', '潮州', 15.00, '2024-09-13 21:54:42', NULL, '2024-09-13 21:54:42', NULL),
(35, '19eeb272-dca1-4cba-a653-2c193fbb0c23', 'b302f86f-1c40-4e16-900f-d630e082400b', '西勢', '潮州', 15.00, '2024-09-13 21:55:32', NULL, '2024-09-13 21:55:32', NULL);

INSERT INTO `TRAIN` (`UUID`, `TRAIN_NO`, `TRAIN_KIND`, `CREATED_DATE`, `CREATED_BY`, `LAST_UPDATED_DATE`, `LAST_UPDATED_BY`) VALUES
('5e3b8013-4463-485f-9bf9-9a80ac8b697a', 223, 'JI_XIANG', '2024-09-13 03:24:03', 'SYSTEM', '2024-09-13 03:24:03', 'SYSTEM');
INSERT INTO `TRAIN` (`UUID`, `TRAIN_NO`, `TRAIN_KIND`, `CREATED_DATE`, `CREATED_BY`, `LAST_UPDATED_DATE`, `LAST_UPDATED_BY`) VALUES
('6fb1e5c5-c640-4a18-9335-b93f2a92c5fe', 1101, 'RU_YI', '2024-09-13 03:24:03', 'SYSTEM', '2024-09-13 03:24:03', 'SYSTEM');
INSERT INTO `TRAIN` (`UUID`, `TRAIN_NO`, `TRAIN_KIND`, `CREATED_DATE`, `CREATED_BY`, `LAST_UPDATED_DATE`, `LAST_UPDATED_BY`) VALUES
('b302f86f-1c40-4e16-900f-d630e082400b', 1102, 'RU_YI', '2024-09-13 03:24:03', 'SYSTEM', '2024-09-13 03:24:03', 'SYSTEM');
INSERT INTO `TRAIN` (`UUID`, `TRAIN_NO`, `TRAIN_KIND`, `CREATED_DATE`, `CREATED_BY`, `LAST_UPDATED_DATE`, `LAST_UPDATED_BY`) VALUES
('c1805685-853b-4b7a-9b9e-7396978fb163', 224, 'JI_XIANG', '2024-09-13 03:24:03', 'SYSTEM', '2024-09-13 03:24:03', 'SYSTEM');


INSERT INTO `TRAIN_STOP` (`UUID`, `TRAIN_UUID`, `SEQ`, `NAME`, `TIME`, `DELETE_FLAG`, `CREATED_DATE`, `CREATED_BY`, `LAST_UPDATED_DATE`, `LAST_UPDATED_BY`) VALUES
('2b745b40-012c-487a-a368-91f57298e3b8', '5e3b8013-4463-485f-9bf9-9a80ac8b697a', 1, '潮州', '14:40:00', 'N', '2024-09-13 03:24:03', 'SYSTEM', '2024-09-13 03:24:03', 'SYSTEM');
INSERT INTO `TRAIN_STOP` (`UUID`, `TRAIN_UUID`, `SEQ`, `NAME`, `TIME`, `DELETE_FLAG`, `CREATED_DATE`, `CREATED_BY`, `LAST_UPDATED_DATE`, `LAST_UPDATED_BY`) VALUES
('2cb03672-73d4-417a-b624-933e10be47af', 'c1805685-853b-4b7a-9b9e-7396978fb163', 1, '屏東', '17:04:00', 'N', '2024-09-13 03:24:03', 'SYSTEM', '2024-09-13 03:24:03', 'SYSTEM');
INSERT INTO `TRAIN_STOP` (`UUID`, `TRAIN_UUID`, `SEQ`, `NAME`, `TIME`, `DELETE_FLAG`, `CREATED_DATE`, `CREATED_BY`, `LAST_UPDATED_DATE`, `LAST_UPDATED_BY`) VALUES
('3183cfb3-74cf-4dfb-a538-b0122f5f19e2', '5e3b8013-4463-485f-9bf9-9a80ac8b697a', 5, '歸來', '14:56:00', 'N', '2024-09-13 03:24:03', 'SYSTEM', '2024-09-13 03:24:03', 'SYSTEM');
INSERT INTO `TRAIN_STOP` (`UUID`, `TRAIN_UUID`, `SEQ`, `NAME`, `TIME`, `DELETE_FLAG`, `CREATED_DATE`, `CREATED_BY`, `LAST_UPDATED_DATE`, `LAST_UPDATED_BY`) VALUES
('37e4eb76-bb20-40cb-a63b-d3d41134a2ad', '5e3b8013-4463-485f-9bf9-9a80ac8b697a', 6, '屏東', '15:00:00', 'N', '2024-09-13 03:24:03', 'SYSTEM', '2024-09-13 03:24:03', 'SYSTEM'),
('3a670868-98ad-4010-9951-11b8ddb2ccce', 'c1805685-853b-4b7a-9b9e-7396978fb163', 2, '歸來', '17:08:00', 'N', '2024-09-13 03:24:03', 'SYSTEM', '2024-09-13 03:24:03', 'SYSTEM'),
('43c16d80-b980-4f2b-9706-4e351017578d', 'b302f86f-1c40-4e16-900f-d630e082400b', 3, '潮州', '11:09:00', 'N', '2024-09-13 03:24:03', 'SYSTEM', '2024-09-13 03:24:03', 'SYSTEM'),
('6e374c42-233d-42e5-8a5a-ca1f3bf94e89', '6fb1e5c5-c640-4a18-9335-b93f2a92c5fe', 2, '西勢', '15:09:00', 'N', '2024-09-13 03:24:03', 'SYSTEM', '2024-09-13 03:24:03', 'SYSTEM'),
('6f012884-724d-407e-8f42-2214152ddbb5', 'c1805685-853b-4b7a-9b9e-7396978fb163', 6, '潮州', '17:24:00', 'N', '2024-09-13 03:24:03', 'SYSTEM', '2024-09-13 03:24:03', 'SYSTEM'),
('809a08fd-0ed3-4cde-b1c7-662e233fed64', 'c1805685-853b-4b7a-9b9e-7396978fb163', 3, '麟洛', '17:11:00', 'N', '2024-09-13 03:24:03', 'SYSTEM', '2024-09-13 03:24:03', 'SYSTEM'),
('82f58f45-7f5f-431f-9433-37d47a123373', 'b302f86f-1c40-4e16-900f-d630e082400b', 1, '屏東', '10:52:00', 'N', '2024-09-13 03:24:03', 'SYSTEM', '2024-09-13 03:24:03', 'SYSTEM'),
('8600630a-57e0-4233-ab7e-30b49f62a64e', 'c1805685-853b-4b7a-9b9e-7396978fb163', 5, '竹田', '17:18:00', 'N', '2024-09-13 03:24:03', 'SYSTEM', '2024-09-13 03:24:03', 'SYSTEM'),
('9f19ea5d-59fb-491a-acb8-39d74c6c72ad', '5e3b8013-4463-485f-9bf9-9a80ac8b697a', 3, '西勢', '14:50:00', 'N', '2024-09-13 03:24:03', 'SYSTEM', '2024-09-13 03:24:03', 'SYSTEM'),
('a41e76b5-b650-404c-9a30-bb6b5f754d07', 'c1805685-853b-4b7a-9b9e-7396978fb163', 4, '西勢', '17:14:00', 'N', '2024-09-13 03:24:03', 'SYSTEM', '2024-09-13 03:24:03', 'SYSTEM'),
('af8ffcff-c760-4434-a609-529615fd956f', '5e3b8013-4463-485f-9bf9-9a80ac8b697a', 2, '竹田', '14:46:00', 'N', '2024-09-13 03:24:03', 'SYSTEM', '2024-09-13 03:24:03', 'SYSTEM'),
('c048f470-74aa-476e-a4bd-c7ae97866cb0', '5e3b8013-4463-485f-9bf9-9a80ac8b697a', 4, '麟洛', '14:53:00', 'N', '2024-09-13 03:24:03', 'SYSTEM', '2024-09-13 03:24:03', 'SYSTEM'),
('cb8f950c-8a6b-438e-948c-44d85cd57d63', 'b302f86f-1c40-4e16-900f-d630e082400b', 2, '西勢', '11:01:00', 'N', '2024-09-13 03:24:03', 'SYSTEM', '2024-09-13 03:24:03', 'SYSTEM'),
('cf26a4fc-b1cd-4103-9f21-fce027558a0c', '6fb1e5c5-c640-4a18-9335-b93f2a92c5fe', 3, '屏東', '15:16:00', 'N', '2024-09-13 03:24:03', 'SYSTEM', '2024-09-13 03:24:03', 'SYSTEM'),
('e3b8c6be-f535-4c40-bfec-07d803b6c3ed', '6fb1e5c5-c640-4a18-9335-b93f2a92c5fe', 1, '潮州', '15:00:00', 'N', '2024-09-13 03:24:03', 'SYSTEM', '2024-09-13 03:24:03', 'SYSTEM');

INSERT INTO `SETTING` (`ID`, `DATA_TYPE`, `TYPE`, `NAME`, `VALUE`, `DESCRIPTION`, `PRIORITY_NO`, `ACTIVE_FLAG`) VALUES
(1, 'YES_NO', 'Y', 'Y', 'YES', 'YES', 1, 'Y');
INSERT INTO `SETTING` (`ID`, `DATA_TYPE`, `TYPE`, `NAME`, `VALUE`, `DESCRIPTION`, `PRIORITY_NO`, `ACTIVE_FLAG`) VALUES
(2, 'YES_NO', 'N', 'N', 'NO', 'NO', 1, 'Y');
INSERT INTO `SETTING` (`ID`, `DATA_TYPE`, `TYPE`, `NAME`, `VALUE`, `DESCRIPTION`, `PRIORITY_NO`, `ACTIVE_FLAG`) VALUES
(3, 'SEAT_NO_LIST', '座位清單', '座位清單', '1A,1B,1C,1D,1E,2A,2B,2C,2D,2E,3A,3B,3C,3D,3E,4A,4B,4C,4D,4E,5A,5B,5C,5D,5E,6A,6B,6C,6D,6E,7A,7B,7C,7D,7E,8A,8B,8C,8D,8E,9A,9B,9C,9D,9E,10A,10B,10C,10D,10E,11A,11B,11C,11D,11E,12A,12B,12C,12D,12E,13A,13B,13C,13D,13E', '1A,1B,1C,1D,1E,2A,2B,2C,2D,2E,3A,3B,3C,3D,3E,4A,4B,4C,4D,4E,5A,5B,5C,5D,5E,6A,6B,6C,6D,6E,7A,7B,7C,7D,7E,8A,8B,8C,8D,8E,9A,9B,9C,9D,9E,10A,10B,10C,10D,10E,11A,11B,11C,11D,11E,12A,12B,12C,12D,12E,13A,13B,13C,13D,13E', 1, 'Y');
INSERT INTO `SETTING` (`ID`, `DATA_TYPE`, `TYPE`, `NAME`, `VALUE`, `DESCRIPTION`, `PRIORITY_NO`, `ACTIVE_FLAG`) VALUES
(4, 'STOP_KIND', '屏東', '屏東', '屏東', '屏東車站', 1, 'Y'),
(5, 'STOP_KIND', '麟洛', '麟洛', '麟洛', '麟洛車站', 2, 'Y'),
(6, 'STOP_KIND', '歸來', '歸來', '歸來', '歸來車站', 3, 'Y'),
(7, 'STOP_KIND', '西勢', '西勢', '西勢', '西勢車站', 4, 'Y'),
(8, 'STOP_KIND', '竹田', '竹田', '竹田', '竹田車站', 5, 'Y'),
(9, 'STOP_KIND', '潮州', '潮州', '潮州', '潮州車站', 6, 'Y'),
(10, 'TRAIN_KIND', 'JI_XIANG', '吉祥號', '吉祥號', '吉祥號', 1, 'Y'),
(11, 'TRAIN_KIND', 'RU_YI', '如意號', '如意號', '如意號', 2, 'Y'),
(12, 'CAR_NO_LIST', '車廂編號清單', '車廂編號清單', '1,2,3,4,5,6,7,8,9,10,11,12', '1,2,3,4,5,6,7,8,9,10,11,12', 1, 'Y'),
(13, 'PAY_METHOD', '帳戶錢包', '帳戶錢包', '帳戶錢包', '帳戶錢包扣款', 1, 'Y'),
(14, 'PAY_METHOD', '簽帳卡', '簽帳卡', '簽帳卡', '簽帳金融卡付款', 2, 'Y'),
(15, 'PAY_METHOD', '信用卡', '信用卡', '信用卡', '信用卡付款', 2, 'Y'),
(16, 'TICKET_PRICE_RATE', 'ADULT', '全票', '1', '全票折扣', 1, 'Y'),
(17, 'TICKET_PRICE_RATE', 'EARLY_BIRD', '早鳥票', '0.85', '早鳥票折扣，離峰時段適用', 2, 'Y'),
(18, 'TICKET_PRICE_RATE', 'MILITARY_POLICE', '軍警票', '0.9', '軍警票折扣，適用於軍、警、消', 3, 'Y'),
(19, 'TICKET_PRICE_RATE', 'SENIOR_PERSONS', '敬老票', '0.5', '敬老折扣，適用60歲以上老人', 4, 'Y'),
(20, 'TICKET_PRICE_RATE', 'STUDENT', '學生票', '0.95', '學生折扣，適用於學生', 5, 'Y'),
(21, 'DATA_MAPPING', 'TRAIN_MAPPING', '起站', 'fromStop', '上傳報表起站欄位 MAPPING ', 1, 'Y'),
(22, 'DATA_MAPPING', 'TRAIN_MAPPING', '迄站', 'toStop', '上傳報表迄站欄位 MAPPING ', 2, 'Y'),
(23, 'DATA_MAPPING', 'TRAIN_MAPPING', '票價', 'price', '上傳報表票價欄位 MAPPING ', 3, 'Y'),
(24, 'DATA_MAPPING', 'TRAIN_MAPPING', '停站順序', 'seq', '上傳報表停站順序欄位 MAPPING ', 4, 'Y'),
(25, 'DATA_MAPPING', 'TRAIN_MAPPING', '站名', 'stopName', '上傳報表車站名稱欄位 MAPPING ', 5, 'Y'),
(26, 'DATA_MAPPING', 'TRAIN_MAPPING', '停站時間', 'stopTime', '上傳報表停站時間欄位 MAPPING ', 6, 'Y'),
(27, 'DATA_MAPPING', 'TRAIN_MAPPING', '車次', 'trainNo', '上傳報表車次欄位 MAPPING ', 7, 'Y'),
(28, 'DATA_MAPPING', 'TRAIN_MAPPING', '車種', 'trainKind', '上傳報表車種欄位 MAPPING ', 8, 'Y'),
(29, 'SHEET_NAME', 'TRAIN_SHEET_NAME', 'Train', 'Train', 'SHEET NAME - Train', 1, 'Y'),
(30, 'SHEET_NAME', 'TRAIN_SHEET_NAME', 'Stops', 'Stops', 'SHEET NAME - Stops', 2, 'Y'),
(31, 'SHEET_NAME', 'TRAIN_SHEET_NAME', 'Tickets', 'Tickets', 'SHEET NAME - Tickets', 3, 'Y');
